name,username,bio
Abeebullah Olamide,@Realharkanbi,Emerging Young Leader | Student Activist | Ambassador of Peace |Knowledge Seeker | Web Developer | Swimmer |
Bella White,@bellawhites809,A business expert with so much experience
#BIGSIA,@iam_ismaheel,Sometimes you have to just chill and vibe alone. Engineer (Samsung phones ) Photographer Game Lover #Barcelona #BIGSIA
SON Of Grace,@SONKearneyBee,I'm an artiste young entertainer singer song writer skit write actor performing artiste for booking and sponsorship 08121078974 kennybb.ok@gmail.com
elchasid godson,@chasidGodson,I will write something later..
Anthony Karo,@AnthonyKaro3,"I'm a nigerian, graphic designer, student"
Mayor,@Mayor52565089,For is with me
Hezzyboss,@UncuKenny,Fishery Expert | Chairman | Mentor | JW |
SesanMd,@CapableSesan,Child of God || Law Student || Learning UI/UX || Sports Law || Intellectual Property Law || ADR || Human Rights || Chelsea
Splendour,@Splendourricch,UP THE CHELS!... No Chelsea bants will be tolerated
SmokeTom,@AduayiT,library and information sci|Entrepreneur|| Catering Service| |Christian| |Manager | |Die hard Liverpool| ||Griller|mixologist
FreshBoi,@fwesh234,Go figure
Jerry johnson,@johnsonjeey007,Cool and nice
GREAT ERUKANURE,@GErukanure,"The Dawn is upon us| Student of Life..| NFT artist
@11032004
on Opensea| Graphics designer"
Olulola Odubela,@baby_black20,Writer |Anatomist | Fashion illustrator | Fashion lover | Health |Amala lover |Impeccability |I stopped growing at 11| Wave from afar at your own risk |
KB@Bush,KB@Bush,Forget everything else Make Money the rest will follow
Sylvanus Bangura,@sylbangs83,Aviator / Psychologist /Strategist. Future is good.
Engr POPE,@kelvin_lion,It Pays 2 B HUMBLE..#Originality #TeamArsenal
Daniel,@OA_daniel01,Agriculture | Real estate development | Industrial engineering| Tech..|
Jamie,@Jamesthedo,"Marketer, Investor."
abdulrauf abdulrazak,@abdulfuk7929099,spend more time on the qur'an and in remembrance of Allah than you do on social medias
Sarah Adesemoye,@SarahAdesemoye,"‚Ä¢BEING A GLOBAL DESIGNER is the standard ‚Ä¢NYFEW 2021 WINNER ‚Ä¢Founder -
@shinnefashion
‚Ä¢Fashion Designer/Stylist ‚Ä¢Budding Content/Creative/Copywriter"
Abraham Olamide Olatunji,@AbrahamOlamide7,I am an entrepreneur|Mechanical engineering student| Cryptocurrency holder|NFT CREATOR|Forex Trading| Nutritional consultant|Fitness instructor|Photographer.
Phemz,@iamPhemz,Sanguine-Melancholic
Bamidele Philip,@BamidelePhili1,I‚Äôm good
Aladenusi Ola kelvin,@Horla_5,"Gentle, humble, caring and fun to be with."
Njoku prisca,@fierce___dee,Foodie Dancer Ambivert
Nwachinemelu Ibilibeogada,@omillz619,Manchester United Investment Banker Forex trader Son of the most high Entrepreneur Closing deals and spotting opportunities are my super powers
Mr Dahiru,@Dzob4real,"I follow back!!!#Team leo #Team Drake #Team Madrid,#Team Statistician.instagram;mr_dahiru"
Naomi Temitope,@temmynaomi11,"An Educationist, A photographer,A business owner plus A beautiful woman of any man‚Äôs dream..Follow us
@bb_kiddies
on IG"
Olufemzie,@olufemzie,fresh
Da~Silva,@Am_Da_Silva,Born to rule Follow me I follow back
Da_mian O.,@iam_de_ShaQ,fx. investor||A.I trader||the Lord's unworthy servant detamer
cashino,@cashinoymx,Ayam prophetic
Michael meeeky,@Babyboy0991,"love nd kind person to be with Content writer, financial analyst, Forex trader Manchester United fan"
Smog Charles,@charles_smog,A Crypto Enthusiastic Individual With Much Interest In Creating Conceptual Photographic NFTs.
Olatunji Ajibola,@omo_olatunji,Web developer| Data scientist| Digital Marketer| Astrologer| IT Analyst Support| E-Commerce Analyst| Social Media Manager|
WoW Arts CLN,@ElderNurudeen,"WoW Arts CLN is New NFT project with big future, we bring you nice arts NFTs"
‚ÄòWole of His & Hers Fashion Embassy,@o_seanstel,fashion brand | Researcher | Teacher | Computer Wizard | Father | Businessman
Mkhandy,@MkhandyReal,#Multimedia #Artist #NFT #Music @ https://audius.co/Mkhandyreal/mkhandy-amazulu-people-of-the-heavens-mp32‚Ä¶ RTs are not endorsement.
DanAchi,@daany100,DT1Rvj9E3PctqGwR4cMK9ERHodHJtytS7s #Doge 0x6E52c5da6578B69e442Bfd19e1D7fBe19eFfdC27 #BSC bc1q5ng9028h6w4zdtya9ye6au30fwre2cdcygh535 #BTC
Jorge Goes,@Jgoes82,"Co-owner (with
@JohnTextor
) of Botafogo F.R., Engenheiro , Investidor & Empreendedor"
Obidike kenechukwu,@Obi_Dike_logo,Artist .$ERIOUS INQUIRY ONLY .CASHAPP. PAYPAL. APPLE PAY .DEPOSIT ARE NOT REFUNDABLE .24HRS PERFECT WORK DONE@OBI_DIKE_LOGO
Bobgentle,@mustaphamukail1,An unrepentant Naija spirit
David,@David13377790,I have vision of the world I build
singlepringle,@Raymond46386005,
Emiola Yetunde,@EmiolaY,One luv keep us 2gether
sugarboy sammy,@sammy_ugochukwu,Am sammy by name from imo state
official_Preshie1,@Preciou3122638,I am a focused career driven woman who doesn‚Äôt quit on any of her goals.I have the zeal to do lots of things I will move at a pace and achieve all. #stability
crypto project broovsBRS,@ozbalc_ozkan,http://coinswifter.com dev proje dev yatƒ±rƒ±m hayalinizin en y√ºksek zirvesi BroovsProjetBRS
P.A.P.I,@officialdhaveed,Canada in Jesus name /Student Nurse//5'9
OLANIYI OLUWASEGUN,@OLANIYI1182,Am so so grateful with what God have done for me
ZiQuel,@ZiQuel3,song writer | poet | singer | instrumentalist.
Akindele Brymoore,@ABrymoore,"In terms of principles n outluk in life,i guess i am a strong willed person n dat i am d type wu does nt go wt d flow.I value moral fiber n gud sense of virtue."
Real_Tukksdigital,@Oluwape71621895,anyhow ... just move
TBA Team,@YellowFire19,We 3D model and texture.
Petrovic Slavica,@sp1943893,"O sebi mogu reƒái da, pi≈°em ono ≈°to ≈æelim reƒái. Pisanje je ≈æivot moj, a mogu da pi≈°em i o ≈æivotu, tvom, ili o neƒçem drugom."
david peixoto,@david_peixoto,"Monarquista, ma√ßom e torcedor do Am√©rica RJ. Odeio ironias."
Esther Henry,@chubbybest69,Shy
Darlington Nwuju,@NwujuDarlington,I always Stand up for the Truth.
Oddsgetter,@horlamilekan109,iBlog | iPromote | iTrend | iBuild | iWrite | iEncourage Myself Gunners Fans
obimdi blessing,@dollychess,"Am cute, understanding nd fun 2 b wit."
Taurean Prince,@AderemiIfe,"An architect in making ,Free thinker, and #AmATaurus, #OmoOlofa, #Diehard Chelsea fan"
INVESTOR_TM,@TMcryptotrader1,"Experienced crypto trader & #bitcoin | brand ambassador
@Abitnetwork
|Gsm enthusiast|Web3.0|"
Husseini Ishaq Kwajafa,@HusseiniIshaqM1,SAIN
Broda Joshua,@boda_joshua,Anything that bring money and peace of mind Add me
Adedayo Adebowale,@Mr_science01,software engineer
Ericoo Ekpereoo,@ekpereoo,God is Good
margaret Terlesk,@MargretTerlesk,single and lonely...
Abdulrazaq,@Abdulra00118168,rasky monia
Odafe victor,@victor_odafe,"Graphic Designer, Entrepreneur, Web developer and Designer,software and mobile app developer... And.... Cool.."
ShakaZulu,@plato_vince,Legit hustler! Inventory personnel! I love trap musik. Proud fan of Meek Mill! Ardent lover of James Patterson's works....
Oyedeji Olawale,@oyedeji827,Art designer and web developer
kool KC,@KHA2_CO,2020
danelx nelson,@DanelxNelson,"An Affiliate marketer, digital marketer, writer, author, crypto exchanger, educationist and social commentator."
K a y y|,@AJAYIKayodeAyo1,Unilorite| Messi| FC| Chels| Raver|
Ghost,@GhostOfBadagry,certified satellite dish installer.. manager at satcomm towers...
Zee Ojodomo,@luckizee1,#God_First || Computer Scientist || FBI || Digital Marketer || Gentle as Dove || DM for more
Mr February 11th,@Rotty_gerald,New acct I'm mostly always bored soooo DM me good books( not devotionals or romance except it's a really great romance but no devotionals)
Lamyth,@Lamyth3,Loyal and humble...
Browser,@BROWSER5912,"never give up, you will be successful. Its all about coins, invest when you got the money to do so, i could show you where and how."
ERUJEJE,@Blackpanther918,"Am fun to be with ! A muslim An ardent Arsenal fan.. Whatever will be,will be (Que Sera Sera)"
Osaze,@OsazeIyokho,"Psalm 91 | Health Educator |Freelance and Ghost Writer | Content creator | Arsenal | Author | Admin:
@EarnestWrites
E-mail: iyokhoosaze1234@gmail.com"
Ejenavwo Ogba Great,@greatinho9,We may encounter many defeats but we can never be defeated... Life of a Philanthropist #Crypto Enthusiastic $DeFi Trader NFTS Fundamental & Technical Analyst
bede gabriel,@bedegab,Honesty a true thought in perception that comprehends friendships......
RONKE JOSEPH,@JosephRonke,You can't find another me
olamiofficial,@JimohOp79034572,simple
EGRET,@GreatEgret007,A GEM||Crypto Maniac||iDesign||iCreate||iDream|| I AM THE CAPTAIN OF MY SOUL
Triplet Daddy,@PHONEFATHER,"Co-founder
@IngantaRayuwa
| Human Right Advocate | Entrepreneur. | Problem solver. | Techie.| I am Gentle & Simple. I don't talk too much, but i do a lot."
Eclassic05,@IbitoyeEmmanu19,Lasuites #Political scientist #Educator #Model #Arsenal my DNA
Leman G√ºltekin,@LemanGltekin3,Siyaset
D√ÜN√èƒíL,@dashinosm,Life is measured by achievement and not years alone!
Stephen Jacob,@CrypteX_O,cryptex#
embodiment of sadness,@Trinity59048802,#restorethesnyderverse
nelson,@urboy_nelson,A proponent of good movies $ music || student || University of Lagos || IFB
Official Mx Lawkeeper,@ItzLawkeeper,Computer science/educationist||Gamer||cruiser ||Simple||Jovial||Novel_addict||Rest!! IDK IBBULiTe
sneakshell,@sneakshell,"sneakers/crypto/nft gang. y‚Äôall see the sequence, Afterlife #638"
ibrahim labe,@labe_ibrahim,I no sabi
Ibe Favour,@IbeFavo89333573,Not available for stress
Babanla_of_life,@babanlaoflife,https://mintable.app/u/babanlaoflife
Petite_Ayo,@mariam_ayomide,"Estate surveyor and valuer. Love Chelsea FC, food, meeting new people and playing video games."
The Zee,@TheZee45415357,"last MAN standing graphics designer, script writer, and content developer"
He‚Äôs a Black Boy,@DavidsDavve,Chelsea DieHard fanBeachLover ‚ÄúYou Can‚Äôt be unlucky Everyday ‚ÄúStay Focus ..Yes You Can.. #Wizkid FC
Hayorbarmi,@Hayorbarmi2,Life is too short too be unhappy
Franklin Pablo,@FranklinPablo12,"#Blockchain-oriented #Realtor in the making|| Grace-Dogmatic||
@Burna
|| Works at‚Ä¶.cut!|| Enterpreneur‚ôü"
Marvs_Concept,@OfficialMarvade,Graphic designer/Cartoonist || Photographer || Web developer || Programmer || Drummer || Keyboardist ||
David Onoja,@DavidOnosh,Chemist Spoken word artist Content creator
Kiki_ Cut,@KikiCut24,"Am a professional barber , For home service Dm;+2349021527161"
NFT'S AIRDROP,@jeryjeff105,Always believe in yourself
Abubakar Mikail,@Abubaka81171257,serious prayer
Fola,@fola_officiql,"An icon Affiliate marketer with
@expertnaire
| fsade3600@gmail.com"
17N38,@kvng_umar,"Manchester united
@manutd"
OsEMzY,@osemhovic,"Sales, Marketing, CX specialist. love life, politics, sports and NIGERIA!"
Nivere NFT,@Nivere_NFT,Hi Please click up the link on my bio to see my #opensea collection #Darkafrik. much to you. Black_girl_magic Taurus baby Oh... and I follow back
CoinUp,@victorameh10,5th year Med Student. BlockChain developer. Crypto day-trader. Join our community; follow for the latest Crypto Update & FREE Trading Signals.
Ovietheking,@ovieisking2,the burner musician
Horla,@_officialhorla,NSG An introvert wizkid FC computer scientist
Olufolake Ajayi,@FolaFire,"Unconventional,success driven entrepreneur, author, educational consultant,social enthusiast,wholesome wife /mother. Praise magnet& Jesus lover."
Idris Loma,@loma_xd13,Money that all
Double bee,@DoubyUyats,That music lover / Beat maker/ #dreamchaser/ Full-time Producer #saniterian/ instrumentalists/ fan of Davido. bookings: doubrauyateide9@gmail.com
sheu abdulrasheed,@zamanisheu,"hustler, fashion designer, Olokun, Yorubaculturelover, learning Coding"
Dc Kenny,@DcKenny2,life of a savage ( Los) Graphic Artist Saxophonist Chelsea FC wizkid FC
follow after i like or retweet I‚Äôll fb,@Babkam5,Historian and philosopher. No Cap . Coolest and hottest
OluwadeMiladE ADEsanya,@Demi85092835,"Art! I think for a living! Yes, I design! Anything blue goes^¬∞¬∞! AVICI√å 4l"
Adebowale Ogunyomi,@AdebowaleOguny1,"I am cool and straight forward person,in to welding and fabrication vbank 1005747304"
Dr. Easymoney,@ChikereEbirim,Easy life
Edgar Rowen,@EdgarRowen01,try me.
Elijah Ishaya,@ElijahIshaya6,Just be who u are Not to look down on someone
Buklous.eth,@buklous,your number 1 portrait and event photographer
Abraar2020,@Toru7369,Gentle
Shalom Bruk's,@shalomspage,Web Dev | iCT Web Dev | iCT Consulting | Cyber Security | Media & Public Affair | Disciple of Christ| Cyber Security | Media & Public Affair
Tragic bouy NFT,@fq_tragic,Music producer|Cinematographer|Love NFT| started my NFT journey|Unique collection of Tragic bouy
Cee_ChydeÀ¢·µÄ,@CeeChyde,"I bring with me fun,more fun and lots of fun!!!"
Warren Aguilar,@Nottooold4W,"Early bitcoin adopter,Advisor,sell-side analyst. #Bitcoin #Ether #Dodge #Ada ETC. #NFT. Managing Partner http://Coinstunner.com"
Prosper onyebuchi,@Prosperonyebuc6,Crypto trade Bitcoin Xrp
john emmanuel,@johnnyjuiceee,NFT hub$$$$$
Danny,@_DanBob,Engineering and Technology contents.
park Jimin,@Elevationmood,elevation mode
YOUNG S APPLE,@YOUNGSAPPLE3,"Am na artist, songs writers,and more"
What Real Estate Means,@RealEstateMean,WHATREALESTATEMEANSISNOWHERE -what you see depends on the way you look at it
Jacobezekielayobami,@jacobezekielay1,DM 4 logo design
Kayturelle,@kazayfirs,‚ôß‚ôß‚ôß*NUTRITIONAL WELLNESS COACH* *ONLINE CLASS TEACHER* *READ/WRITERHOLIC* *NEWS JUNKIE* *SPICE FORMULATOR* *MAN-UNITED FC* JANNAH ASPIRANT.‚ôß‚ôß‚ôß
Chief Alhaji Dr Pastor Oluwo King OJìÉµ,@OlamideOjay,LASUite || Mechanical Engineer || Man of Tranquility || √ñM√ñ kan biiii 1MILLION || YBNL Stan
therealharmuda,@therealharmuda,am just a cool guy
Devil,@Kinpluto_inc,"i L‚ô°Ã¨Ã©ÃÉE making friends especially with You ! i am a renowned member of #MUFC.Ma blood is red ,am not blue cos am not #cyanosed. #KinPluto Incorporation."
Betty Adenikinju,@Herroyalthickne,Chubby and proud of it
Obamiyi Temitopes,@Tophethym92,Kul guy
Ahmmed babatunde,@Tundefoodhub9,"If you think looks are everything, then I‚Äôm your guy."
WittyB,@bernsv2g,NFT Collector | Web3 Enthusiast | #3055 Mad Hare Society | Creative
machollas,@machollas,Am a graphics designer
"Amb. #B‚Ç¨N$0N $UCC‚Ç¨$$ GCN, GCFR, GCON",@eralle,Passion for positive change.
Victoria Alex,@VickysGlam,A professional makeup artist Uyobasemua
Saifillahi Sani,@Saifuwaira,Architecture
Brianna Adkins,@Brianna4270036,Automated
Anomalia Studio,@StudioAnomalia,Storier
IT'S YOUNG ALHAJEE,@h_jotko,Alhamdulillah for everything
JOJIT ABLAZA,@ablaza_jojit,#SUPERFAMILY
prime,@badmus199090,"ll,Nigeria by Birthll ll /futminna Alumnill/ Statistics.. /Arsenal Fc /"
Akeem Tajudeen,@adekimson131,DIGITAL MARKETER adekimson131@gmail.com
Îã§ÌÅ¨Í≥®Î†ò,@AKFLDH234,ÏïàÎÖïÌïòÏÑ∏Ïöî Ï†ÄÎäî Ïú†ÌäúÎ∏åÌÅ¨Î¶¨ÏóêÏù¥ÌÑ∞Ïù¥Ïûê Ïñ¥ÎßàÍ∏àÌå¨Ïù¥Ïûê Ìà¨Îü¨Î∏åÎã§ÌÅ¨ÎãàÏä§Ìå¨Ïù∏ Ï†ÑÏú§ÏÑ±Ïù¥ÎùºÍ≥†Ìï©ÎãàÎã§
Xavier.ace.eth,@xavier_ace_,"capturing memories and documentry |Photographer, cinematographer |for bookings: 08137100318. IG
@xavier
.ace_"
Lucio Santos,@LucioSa54337074,uno dododo1
Mark Bacarro,@bacarro1_mark,positive thinker
Bamos12,@bamos12,All is well.
AfricannaNFT,@AkinadeBoluwat3,"Fun, enterprising , NFTcreator, Forex trader, PhotographyNFT"
Solomon Nnaji.Œû,@SoMuchBeam,Art | NFT | Crypto | Gaming
Detonador de sue√±os,@Jelrengo,S√© que soy un so√±ador que no encaja con las normas en este mundo// 100% BOSTERO! Riquelmista a muerte
L‚Äôawale,@lawale1st,ab!N!b!
Marco Polo,@LeoMakwulf,Orderly Compassionate Stoic | | iRational frenzy reined by reason and self reflection.
Cruz,@excella_it,"A Christian, An entrepreneur, A father with the sauce.."
invisible support,@Gzyhacker191,cyber hacker /Recovery for all ‚Ä¢instagram hack /unlock Facebook hack\Recovery snaps hack \Recovery Gmail's hack\Recovery
A guy that has no name,@Josh52585896,I pledge to catch cruise all my life and make more money
√Äd√¨s√°,@ProperOgunBOY,The man told is DIGITAL
Aesta,@MizXta_,outgoing introvert Prosthetist and Orthotist || Pro MUA || Tech enthusiast
Dija Royce,@dija_royce,I pray and i slay
Taylor khashcol,@khashcol,Getting better everyday
JOGGER_BOY,@JOGGER_BOY,1000 unique collectible characters with proof of ownership stored on the Ethereum blockchain. The project that inspired the modern CryptoArt movement.
Ricch Crypto,@RicchCrypto,Fashion
SUBARU_BOY,@Dhayvid20,Wannabe hairstylist And computer programmer
THE WISE ONE,@THEWISE67,Work hard till you achieve your goals
Donaldiv,@Donaldiv07,eBooks are a great way to sell yourself or your service. I can help you in ghostwriting a perfect and error free ebook on any of your desired niche. #ebook
Honext,@thisishonext,Tech and the Future...
Malina james,@Malinajames8,"Data analyst, stylist, crypto"
Ibrahim Adam,@Ibrahim77775762,jovial nupe
Bldr Alfa Ladan,@AlphaSamaila,"Buildability and Maintainability analyst, project manager, ghostwriter. Addamangamultitask."
Olayinka,@_OlayinkaO,God first Microbiologist@ OAU//mixed//Scholar @ FAA link up and let's get to know each other #Sidehustleinternship5.0 IG handle@prewtyqueen.
Abubakar Muhammad Sabo,@Sadeeq449,Unknown
Temitope,@pharjtee22,"I made gift boxes, package boxes of any sizes,,I also print on any surface thank you,you can DM me to patronize thanks"
Daniel Pedreira,@pedreira_alves,"I'm not fake, I let all my social networks prove it, please, I don't like fakes! Speak only in Portuguese with me. telegram:
@Pedreira26
Insta:
@danielpedreira1"
Lord Askay‚ôü,@askayinyass,"Law #mufc The weeknd XO, Snap: askay2495"
Olawale Bright,@OlawaleBright8,Male
Ocean's Thoughts,@FatoluEmmanuel1,"A God lover, a Geophysicist, a naturalist, a Thinker, an Idea machine, a Great Lover, a Radio when I feel like it, a Super Woman, and also a great cook."
Odogwu Odogwu,@OdogwuOdogwu4,Kind.
famous tee,@adeboye_okiki,calm and gentle
NFT LORDS,@Samuel02927721,FOLLOW ME FOR NFTs giveaway
Mr success,@ramonayodeji84,I‚Äôm simple and gentle guy and I like politicians and sport update
Est.11/11,@Abubakar_Slim,Farmer without a Cutlass Keep It Simple n Sauve(KISS). Real Estate enthusiast Business minded http://linkedin.com/in/abubakar-mo‚Ä¶
Olusayo Christie,@shayoadetona,"Fun-loving,suave&easy-going."
Damilola,@Damildan,"Anime lover , WizKid fan"
Ibrahim H. A.,@Jongas37,Simple but difficult to understand
Quantum Shrine,@Frankeden45,"quality personal, non smoker/ Chelsea fan for life, content writer, physicist, motivator. #LATOKEN"
Alphan Co≈ükun,@alphancoskunn,yessir
Uji Fidelis,@FidelisUji,it's Me Vs Me freelancer Content creator
Emjay,@omohvictor3,Data Analyst || Data Scientist|| Son of God|| Entrepreneur || forever in profit|| student
ÍπÄÏ¢ÖÏã§,@gimjongsil,ÌòÑÏã§
Prince Okechukwu,@PrinceO11321246,Eye sart
Ay_loyd,@Ayloyd_22,Finnese
AbdulMuheez,@JamesNo38295006,"Creating a life, I love Simplicity is the key to happiness In a world of worriers, be a warrior"
pmoney,@pmoneyenterpris,Am a painter
milly fennan,@fennan_milly,OFFICIAL ACCOUNT
Adelakun Oluwatobi,@AdelakunOluwa14,"Oluwatobi, the smart and intelligent designer of this century.. with ability to build an empire where lives will be touched..."
ADE!!!,@ade_recent,a new dimensions of me.
Guru Leostan,@guru_leostan,Life Coach// Motivation & Sarcasm// Passion for Teaching & Learning// C.E.O : #TMTH Microbiology*Photography*Education #LeostanQuote
Stephen-Jerubba'al,@SJerubbaal09,Technical writer | Project Manager | Electrical Engineer | Sex and Mental health Counselor | Talk-active | Human.
lasbooorn,@iam_lasboorn,All Sports Football Entertainment International Music International Entertainment TV Music Sports World News
Pest ahh,@Fatherpester,Mantente fiel S√≥lo se vive una vez
Shehu,@Shehuna2,"Quite and polite, Android Developer, Newtork Security Associate, Software Engineer by Training, Blockchain Technology Enthusiast And more to come, God grace."
Lucy Durelo,@Lucydurelo,Mom 12/15... Business minded...
TexMeansBizness,@p_emevo,"Investor, Entrepreneur, Content creator, Copy writer, Digital Marketer"
Emmanuel,@Emmanue90574859,"Am a boy who doesn't give up ,so far there's life, there's hope #TeamDecka #slickgang"
Mamantessy,@mamantessy,I really love my mom no one like her in this world
Ajibade Lifestyle,@Aji_phemmy,Bassist|Basketball|Event Decorator|Madridista
Gids SWAP,@latti_more,https://wa.me/+2349038958941
okeho nile mi,@OkanLawal,I have a degree in English |A Teacher|Thinker|Team Lead/Climate Change Advocate/SDGs/Poster/Progressive Youth
Bobpsmart,@BabatundeOmote1,"Oil color Artist | Acrylic Artist | music nerd | #Pantheist | Comic nerd | Therapeutic Artist, #NftArtist, painting the DAO . https://opensea.io/collection/the-heart-do-speak‚Ä¶"
juwe curfew,@CurfewJuwe,im not a digital artist i am a filipino All i want is my own life size wrestling Belt support my nft http://opensea.io/fishamaniaNFT
elkince,@betosch10,"Respiro f√∫tbol. Siempre Bokita. Si, solo voy a twittear de f√∫tbol"
Chris,@chris_ceejeey,¬©‚òû Truth and Honesty ‚òÜ‚òÜ‚äô‚óã‚óè‚Ä¢‚ô¨
m√£ y√∏r,@AyomikunSamson6,stay okay and alive
"S. A. Tsokwa, Esq.",@lawbitss,Man of God | Husband | Father | Legal Practitioner | Arbitrator | EndHunger/End Poverty Campaigner |
Perfect Fm,@perfectedfm,Perfectly... femi
Heng Chia,@HengChia48,TRON is dedicated to building the infrastructure for a truly decentralized internet
M√°rcia Freire,@mrcia_freire,Viver um dia de cada vez
YABANCY ne,@dayyabusulaima3,Yabancy
Drey Blunt,@TheBlunt0ne,Big Dreams to fulfill! #EndBadGovernanceinNIGERIA
Cloud Tech,@Olamiposi_Cloud,A programmer and more
KARIQ‚Ñ¢ ìÉµ,@officialkariq,#KariQìÉµ DronePilot| ikill Rapist| CCTV|Cybersecurity expert| COOPERATE HUSTLER| Human right activist| photoprenuer| #NFTstudent | GINGER FARMER
Wunderkind,@Phemmah_kolbe,Explore Talent - Creative songwriter... +2348166320104 agbedeemmanuel2@gmail.com
Ejims Darlington,@Odogwu_Ikenna,controversial with an emulative character
Mkhalidjahun,@Sirjahuns,Richiness is not aboundant of wealth Rather self efficient An Animal health self employee Family Hustler Business minder Madrista
EZEOCHA Joy,@JoyEzeocha,LOVING
Do better.,@jerryBabaleye,Digital Marketer / New-Breed Leader / Passionate about Growing Brands and Nation Building .
Kingroye/Glory ALLSTAR,@kingroye1,"freelancer, writer and editor."
Daddy yusuf,@Daddyyusuf10,Yusuf Muhammad Bello known as daddy
chidoro_faith,@ChidoroF,"NFT creator, graphic artist...check out my portfolio: https://behance.net/gallery/137793887/My-works‚Ä¶"
Usman,@Usmanhusayn333,Lonely
Lawal,@Lawanzy3,It is what it is
Ay≈üen Baloƒülu,@aysenbaloglu,"I am a cartoonist, illustrator, author of children's books and NFT artist. I love traditional art and the puppet-like poses. :) http://opensea.io/aysenbaloglu"
El-muaz,@Elmuaz33,"if you love, I love you bana son Raine my friends.... Dan talaka ne!!!"
iMBdigital.Gallery_,@ImbFrank,Curated digital photo projects are regularly turned into NFT and marketed on open digital platforms.
mummy's gal,@AishaAb09048399,Mummy's daughter daddy's pet
Kenny27,@Kenny2735169179,am just me!!! Eddy k
K!ng St!fler Of Canada,@iamBawzCartel,Artiste | Model | YouTuber | Content Creator | Brand Influencer | Cheveux Organic Cream Plug | Brand Name Creator | Cocktail Mixologist | Ads/Promo- DM
king_author,@abba_author1,"I am Historian, we no about any cultural, of any society in national development and undeveloped nation."
Abdulmumin Abiodun Ahmed,@Buganty,"Teaches about advance school of life, Life coach, Digital marketer, Financial Advicer, Techologist"
Ijebu Boy,@AdesanyaFemi10,CEO Desambeg Nig Ltd||Environmental Health Consultant|| Politician.
Kilani Fawaz,@fawaz_kilani,Me
Sonia Churchill,@SoniaChurchil15,#superfamily
chase,@Alexjohnson626,"Data scientist, ML engineer in the making. Arsenal Fan"
Emyris1990,@emyris1990,Just humble
Digital Marketer,@Skeleddon,Digital Marketer/Currency. *We create and execute Digital Marketing strategies. We work with you to capture and convert your target audience. +2348130693582
Tumisang,@Tumzafunk,#Beastmode
chellsys Forehand,@ChellsysF,"If stars would fall everytime I would think of you, the sky would soon be empty."
Zorla,@mueezgram,I‚Äôm a beginner in crypto $FTM
Eddy,@El_Homeboi,There are no short cut to life greatest achievement
Gilmar A Souza,@GilmarA73616159,"Patriota, empres√°rio brasileiro, confiante, apostando tudo nesse governo, acredito sinceramente que √© poss√≠vel mudar esse pa√≠s."
Tudor Alexandru Chisner,@tudy2111,‚ÄúPoor people have big TV. Rich people have big library.‚Äù
Okum Raymond,@the_rhaymond,"Zoologist, Environmental Biologist and Biochemist. Aquarius , Hopeless Romantic."
Ayomide,@Ayomide42889254,A simple and gentle person
Elbechi,@Amos23lee,Believe to yourself
Akorede Champ,@Akorede98832275,Na Time to Tell _sainteye NFT_
makinde victor,@victor388,I'm Red
SultanOfLagos,@DaraSpellz,God will not come down to do what he's given us the power to do. Aisha Yesufu 2020
Krypto Knight,@Jamespe63322760,Professional shiller moderator and graphic designer
Chicey,@Chiceeeyyyy,Nothing can separate me from the love of God digital marketer ... Student.. middle child.. single babygirl
Lurd Millz,@lurd_millz,. Musician | Social Media Marketer.
mercyfindme,@richardokoroo,ccc
Omodiminiyi_OE,@OeOmodiminiyi,SEO Content Writer| Blockchain| Metaverse| Web 3.0| Cryptocurrency
WellsOfAbuja,@EphraimWells,|||Computer Scientist||Data Analyst||Professional Fine Boy||Man UtdBoy||CR7|
AK47,@snyparyfle,"Just Snypa - Cock, Aim, Fire (Repeat Steps)"
Wutche Chikaome,@W_Chikaome,#programmer
Oshidipe Abdrasaq od,@OshidipeO,"a nigerian, married,works as a production head/technician at an electronics assembly company in the state of osun"
IG:Abokionimotto,@abokionimoto,BUSINESS PAGE BTC n all FUNDS/BUY n SELL all CARS/ SERVICES /CAC/ LOAN PACKAGE WITH BOI/ BRANDING/ DIGITAL MARKETER / FRAMING08133661650 OSOGBO OSUN STATE
ÿ•ÿ≥ŸÖŸä ŸÖÿ®ÿßÿ±ŸÉ ƒê ≈ÉF≈¢,@Just_abolore,"2022 Profile: Energy|| Traditional Investment|| Digital Investment (crypto, forex and stocks)|| NFT¬≤xNFT¬≤|| Politics|| Languages(‰∏≠ÈóÆ,Ëã±Êñá)|| Breakthrough"
JAPAN,@kingsmalljapan,My tomorrow gonna better than today proud. on√≠·π£·∫πÃÅse
Ayooluwa Joshua,@1_gflame,"Freelance Journalist, Content Developer, Idealist, Technologist and Growth For Humanity Advocate."
YA Bajoga BAT,@y_bajoga,"Hold B. Tech Business Management (ATBU), ND BUSINESS ADMINISTRATION. INTEREST In Private sector, Marketing, international business and Politics. I am BUHARIST"
sunflower,@Myconcern2,"A Nigerian (South Westerner). Male. Love Christ, Music %(R&B + Gospel). I Sing. Leadership + Finance + Skills. Chelsea FC.Crypto. ICT. Hate Bad Politics"
Prince Psymon,@PryncePsymon,I'm a lover of the strength of words. Use words wisely. You already have a perception...and im too lazy to correct that.
Stoner,@Stoner73679015,Successful
Gotham,@vickins22,an agricultural engineer..& consultancy..animal nutritionist...die hard man United..NFT
Deja,@DejavuTheGhost,"one way no enter market.
@olamide
__stan YBNL ARMY"
Sammy Po,@iamsammypo,Crypto enthusiasts
Magnificent Tech hub,@magnificent_hub,Magnificent Tech hub is a cover for 2 different services; Magnificent gadget and accessories... Magnificient Tech...Aluminum and solar installation
Samuel Ezekiel itopa,@SamuelE04886384,"an online entrepreneur, forex gurus, a youtuber, content creators,"
ùïÑùï£ u‚É†s‚É†d‚É†,@ArewaGoodboy01,I‚Äôm simple looking for a simple to simplify
Derick,@Trifecta_001,‚Ä¢Blockchain/Cryptocurrency‚Ä¢ #Pancakelock_ #SocksyNFT #Flexxng #Onek #GiveStation #HoviExchange #NFT #SOL
Aserikorigha Faghawei joel,@PETJOXONE,"Dog breeding,pet supplies ,pet logistics"
Gabbie,@Frannahgabriel1,Singer/songwriter/dancer/football freak/Cule/chemist/UNN last born/Tech enthusiast
adebayo korede,@yahubarbber,Yahubarber
Cam√≠lo,@Camlo07755087,inversor autodidacta astrologo tarotista
Ebi valentine,@Yungzzybrain14,my name is Ebi valentine single search of matured ladies
Mario Zizinho,@ZizinhoKun,Bartender/Mixologist/web developer/networking analyst. Curently working as IT tech for hospitals in NJ. Starting 2 concept art projects Skull Yard and PugsWorld
OLUFEMI,@ajisegiria,Agricultual entrepreneur #catfishbreeeder
Lekan of Lagos,@leolekstar,Crypto Fanatics | Digital Marketer | Web Designer | join my telegram channel for airdrops and swaps | proper Chelseafan
shine,@jamie_Ade,dream chasser
Elvis tattoo,@Elvistatuador,"tattoo ,musica, filmes, games, tecnologia, mundo digital, carros NFT"
Ayinde!!!,@MAURWA,Jst been my self
MSC,@msametcakir,GALATASARAY
major,@_mustaphamajor,just a small boy living off my father‚Äôs cheque
Omotayo,@Tayuzco,All about graphics designs and animations.
Ephraim,@Ephraim84609426,I choose to be happy #lovemyselffirst
Zainabimbola,@Zainabimbola1,leave a little sparkle everywhere you go...Unilorite...Accountaholic
ALABA_ROSTER_STAR,@roster_star,IT'S √ÇL√ÇB√Ç R√ìST√âR ST√ÜR FOOTBALL ALAJIY IF YOU ARE FOOTBALLER COME JOIN (IT'S BEST) ∆≥≈å∆Å√â ∆≥√ì√õ√ëG M√öS√è√á ST√ÜRÃÉ
Crypto Gems,@CryptoGemsCom,Gem Hunter #Bitcoin #Ethereum #BSC #BNB #Solana #AVAX #FTM #CryptoMarkets #Defi #NFTs #Memes #Metaverse #CoinMarketCap #CRO
Bello jeleel abiola,@BelloAdeyinka13,"I love making new friends,a program and a Dream chaser"
Lawal S Garba,@IamHorlaSuccess,Life don't always work according to plan...so be happy with what u've got.....
ibrahim yaman,@ibrahmyaman,Bƒ∞YOLOG
Danny Marvel,@Dannymarvel7G,"Defi Trader l NFT's l SmartDefi l Crypto NewsMan l React.js, React Native l Web 3.0 Enthusiast"
Priyanka Jain (She/Her),@priyankajain1,"Communication Professional | Artist (NFT, Acrylics & Mixed Media) | Namastey NFT I http://opensea.io/Winsomepriyanka #WomeninNFTs"
Danny yo,@Adesidadaniel1,IT IS WHAT IT IS
This is Ara,@BoyejoMariam,Islam is the identity
Arowolo Sheriff Abiodun,@ArowoloSheriff,Nothing good comes easy
Hassan Abdulsalam,@ProudlyHassan,"Sports Journalist || Table Tennis Expert || Barber || writer
@Nairasportsng
||
@OfficialNulass
PRO #NPFL22 Amebo || hassanabdulsalam01@gmail.com"
Isaiah Ololade,@desaiah_e,I'm a gentle and loving guy
ebuka,@Ebuka_official_,Jesus | Basketball | Michael Jackson | Tems
Moon Baby,@omoohtessy,"Social media manager\Administrator Model, cook, Lover of the moon , I love God.... available for bookings
@Omohneme
omohtessy.11@gmail.com"
Omo Ekun,@iam_jayroid,‚Ä¢GOD FIRST Performing Artist || Songwriter || Sound Engineer #shalewa out now!! link in bio
DA VINCI MORNINGSTAR,@93morningstar,"Live, love and laugh die hard messi, barca, guardiola, davido, erigga, titiana manaios and young MA fans I pledged to be happy no matter what"
Miracle James,@Miracle82974464,I live the life I deserve......#Blessings
Lewisxian,@Savage_xian,No one can possible out run their destiny Aspiring to become an NFT Artist and poet
Mauro Silva,@MauroSi73926666,"Fil√≥sofo, Administrador. Trabalho no setor financeiro, educacional e Investidor. Analiso A√ß√µes e Criptomoedas. (An√°lise Fundamentalista e An√°lise Gr√°fica)."
SON OF MERCY,@haskeofficial,A CAMPAIGNER AND FOUNDER OF WAR AGAINST DRUG ABUSE AND ADDICTION(WADA) AMBASSADOR HUMANITARIAN #SonOfMercy
Bosom Nkanu,@Nkbosom,News Football Music Government
Timothy Ajibade,@Giftedtimothy,"MD/CEO Gifted Diamond Global Homes Ltd, Consultant # Entrepreneur,"
gopoltv,@RockyLOVNN,"social crusader,"
Lateef Adedayo,@horladrey4,Sports All Sports Football Music International Music Local Music Entertainment
DUKE,@Hon_Duke,Mc||Compere||Accountant|| Public Speaker||Comrade||Events Manager|| it will glad you to Honor us with your Events as Mc to anchor .. 09064427535 WhatsApp
Adeosun Teejay,@TeejayAdeosun,"gentle,cute,handsome and I don't really give a shit"
Iselu Deborah,@iselu_deborah,CEO of Terou International: a food distributor company
Wenger's deputy.,@JimRaymond12,"There is only one Arsenal and Arsene Wenger, Music lover & Full of life."
Upcoming CEO,@eshola,Try Me!
G-R-A-C-E,@everytin_grace,Lover of God// A breath of fresh air// Lover of humanity and nature// Art is my soul// A baker// An entrepreneur // Music lover// Everythin_grace
Ayonitemi DodoDawa,@AyonitemiBalo07,ask me
wisdomfred_fredo,@wisdomfred_1992,Facility management team member@ Samsung apartment Lekki Email me @ihechifred@gmail.com for facility maintenance and management.
G O V E R N M E N T,@AdaraGVMT,SONG WRITER.
Aminu Isiyaku lawal,@AminuIsiyakula1,Proudly Muslim
Amosa Hammed OLAlekan,@horlalakeon,FGC Ilorin| unilorite| linguist| proud teacher| confirm Ilorin|
MaverickGBM,@MaverickLamar,Mr Controversial #1 Barca Fan ambassador of Big Yansh
Oyegunle Samuel,@Sammy_P07,Art my priority
KoDak I$rael,@JidOguname,Young boy always keepin it real.
sir_bankuti,@LateefSalau11,All being grateful...Football lover. A proud madridsta
SUMMERCAMP OF HORROR...,@OfSummercamp,"Summercamp of Horror. Horror-comedy anthology BOOK SERIES. Fictional Summercamp ""Calcoony Lake"" Pizza."
Paul Omi,@omipaull,#Just Being Me 100%
Bilal,@bilamcy,business
John Williamson Cletus,@WilliamsonClet,"A real estate consultancy based in lagos, Nigeria"
BOLD,@DadaBoluwatif11,Ascension Churches Worldwide
Blackhydar,@blackhydar,poetry photography Activist #drcole/ otaku https://opensea.io/assets/matic/0x2953399124f0cbb46d2cbacd8a89cf0599974963/24192934932879‚Ä¶ #Animefreak
keffer way!,@rayonsky042,heal the wounded world
CJtheBaller,@_cjtheBaller,I‚Äôm just a Baller. Show Some Love I‚Äôm New here.
clement odunayo,@commanderclemzy,Cool and easy going guy
HappyBoi,@Happyboy_11_11,"Gentle soul, coding is life ,football addict ...
@Qdacool83
.. I stan Don baba"
@YOUR_VILLAGE_POEOPLE,@YOUR_VILLAGE_POEOPLE,DM me for business
Muhammad Yusuf Kaku,@YusufKaku,striving to excel
ungtcee,@ungtcee,Just a simple person take life to the fullest as I can get
Holyman oliver,@donHolyman11,So gentle| Programming gurus| Digital marketing
adewunmi alawoya,@a_alawoya,"God, Family, Friends, Newcastle United, Real Madrid, CR7, See the World, Do right by others."
ùìóùì™ùìªùîÇùì±ùìæùìªùì∂ùì±ùìÆùì≠ùì±ùìÆùîÇ,@yo__mide,Unbothered
AA,@afolabiaahmed11,MUFC WAGMI!!
Logan Vibes,@vibes_logan1,Art
Remiu Ogwogho,@ROgwogho,Always me
Abdoulaye (omob√†b√°on√≠k√≤k√≥),@Abdoulaye_92,Simplicity at its peak.
Rhee Chad,@rhee_chad,Afro Jigga
Big_teddyNFT,@Teddy50306118,KTB Public Figure /Manchester united
Smithz francisco,@FranciscoSmithz,Stressless guy
Soj of Canada ...,@sojiashaolu,street credibility
Hammed O. O.,@Mr_Zenith001,Animal safety and welfarism.....
Manity,@manity02,"Computer engr/man utd / mA ni ty...0032055301 follow nd I'll instant follow back... i follow u nd u did not follow back, i will unfollow u#MANUTD"
Otunba Ajani Enock Akin,@AjaniEnock,Jesus is my Saviour
"Prolific_,M",@SMhuzi,Be like the flower that gives fragrance even to the hand that crushes it. Ali ibn Ali talib..
Akande_Enoch,@enoch_akande,"Chelsea fan|| Student, University of Ibadan."
IG Jozy,@IgJozy,"My name is Joseph Godwin Ikpe also known as( IG Jozy )Abrevation Of Ikpe Godwin Joseph,That's Where The Name IG Jozy Arrived.From Akwa Ibom .Song writter/Singer"
Jaydols,@Jamzydollars,Hard working.. Jovial... Student.. Computers best friend Digesting new opportunities
Alausa Muhammed,@alausa_muhammed,"Dealer in all kinds of Aso-oke such as: SAYAN, ETU, ALARI,CONE TO CONE, PLAIN,SUPER NET, TWO TONE, HAlF COMPUTER, DOUBLE WEAVING E T C."
gushy,@FunshoMartins,king
@Kelvinsmart,@Kelvinsmart,A software developer/Engineer and COMMITTED in learning web development in 30 weeks
R Ikeobi,@RolandIkeobi,E-commerce. Digital Marketing. Follow me and lets ride this boat together.
Aj√® Richy,@staff_of_wealth,International Entertainment International Entertainment International Entertainment TV All Sports International Politics Government & Politics Football
Ojelere Damola,@OjelereD,Accountant// Business Enthusiast// Lover of art
ùïÑùî∏‚ÑïùïÄùî∏_,@Bambam_oG,I'm on my level. Graphics & Art Wiz khalifa #EndSARS LEO MESSI
superb,@aminamosisah,"Accountant, importation trainer. I love djswitch_ naija we move"
IK,@Ace_Interior,"I'm here to provide u with Interior works, such as Curtains, Window Blinds, Bedsheets, Duvets, Throw pillows, Curtains Accessories and More. Dm"
Foundational Ghetto Baby,@3lvi3n2,"Proudly South South;Citizen of the Creeks!!!! Tweets in Pidgin , #TeamLFC #TeamCancerian . God & Family !!!!!! #YNWA"
Dee Barakah,@Bflourish1,Aquarius 30BG gang Davido baby
Ïù¥ÏßÑÏã§,@YoFLOoc3E1j0qah,100%ÎßûÌåî Ïù∏Ïó∞ÏùÄ Ïö∞Ïó∞Ïù¥ ÏïÑÎãò~~‚ô° Î™®Îì†Í≤ÉÏùÄ ÏÜåÏ§ëÌïú ÏàúÍ∞ÑÎì§Ïùò Ïó∞ÏÜçÏûÑ~~ ÎÇòÎäî Îäò ÏÑ†ÌÉùÍ≥º Ïã∏Ïö¥Îã§
Chizzy Brown,@Chizzyadim120,gentle and easy going.... great project come in let work to great future #solana 4arDJKBaB8sq8wsttQ5JZn8bcxqUUmwxZDeqfbaxkZPX
IYAMABILITY,@Pepperrested,"@Chelsea
Fan"
Omo_Akin24,@OpeyemiAkintob1,Artisan/Music freakI Believe in God.
Ayoy,@Ayoy70206479,love
Chidera uneze,@Chiderauneze1,"loving,friendly,ready to meet new cool guys.. hungry for great wisdom"
Mark Sinclair,@JustinT16693119,"Official Fans page, lots of love for my fans all around the world"
SLygooner,@slygooner,Nice kool guy
DAVE,@the_real_David5,wahala for who no like me (vbank 1008051842 Boluwatife)
koki kano,@kokikano3,masha Allah
Benji-not-Benjamin,@BenFirima,"Thinker, empath, lazy writer, lawyer"
Mayor,@mayorajoye,"until it‚Äôs my turn I will keep clapping for others , Chelsea fan,"
Afolayan oluwaseun,@afotaytob,A young political analyst A crusade of equality A budding entrepreneur And a student
Tola,@Akinomotolafemi,"an environmental biologist, zoologist. simple and straight forward. No two way of saying the truth. I love Nigeria."
LekeìÉµ,@dlklilsam96,Humanity first//happy_boi// God_is_dark_skin//graphics_designer (Creative manipulator) See my IG: click the link below
khoudor jichi,@KhoudorJ,Phone number +234 70 14 5252 06
EmperorJoe,@EmperorJossie,I just want to be relevant. Emperor of Ilorin
RAXN XOLD,@Admiral_sold,What if money wasn't the root of all evil ???
MOHAMMED SAIDU,@FreshKal001,Burna boy fan
ùôøùöòùöúùöë ùöÉùöëùöé ùô∫ùöíùöç,@Poshkid9,"God got me, music keeps me going. NBA YoungBoy || Davido || NSG || CFC || CR7 || Coming from the bottom like literally but I'mma be great someday!"
FORTUNE UR PADDY,@wazeOfAfrica,"Inventor| Socialite| Human Rights activists| CEO Yummy App.| Crypto, Binary & forextrading enthusiasts|"
Basheer A Usman,@alwaysbigbash,Knowing Me is the beginin of Wisdom... Just Hit the follow button and I'll follow back #TeamBarca. #Gemini ...
Nupe Demon,@sir_Haroon,"Small boy, Big dreams, Almighty God."
Servant Of God,@mallamfaiz,come here
Okeowo Adewale,@OkeowoAdewale7,love being around people i love +
AKEEM BANKOLE,@AKEEMBANKOLE058,My humble self
eseosa,@eseosajohn000,Anime and whatever
Jonathan Anumba,@frickyjo,Fricky
Mister Man,@egbojalaughter,"A Nobody! || Learner ||Farmer ||WASH Facilitator ||Situational Writer ||Data Analyst || #YNWA, LFC all the way! Sorry, RTs ‚â† Endorsement!"
Bishop Of Sems,@Bishop_PR,"Critical Thinker and Analyst, Business strategist,PR #CFC, FC Leadership | Influence | Wealth"
Harry Promise (HP),@HarryPromiseHP,"Simply call me, HP"
Fairly_Used_Boyfriend,@Don_fran6,Thespian| Manchester United | Fan of Ronaldo| Lover of beans|
maya_jehrie,@TheRemiNTG,JER 29:11 .... PHIL 4:13 misery to mystery and so on...
factual data,@AhmadAdamuShehu,#Arewa_blood #Muslim #futmite #architect #structural engineer #graphics designer #photoshoot
IfeanyiChukwu,@iheanyichukwu_,
ceejay,@ceejayfresh4,God Fearing|System analyst |POS Integrator|Computer Scientist|Web Developer |Network Administrator
Mumeen Jamiu,@JamiuJamiu5,New to NFT and have a wonderful collection and will like everyone to check it out and help with likes https://opensea.io/Jazz088 follow for ASAP follow back
Í∞ïÎ¥âÏàò,@kangbongsu0507,..
RollsRoyceMiami,@ZadockUptown89,"I'm concerned with everything #LFC,God is my all and all"
Nicole,@Nicolestefan88,"Construction engineer. Enterpreneur Instagram :
@Niclostefan99"
Bobby Brown,@Real_UCfilms,Filmmaker || videographer || video editor || physicist || Chelsea fan || guitarist
Î∞ïÏ†ïÏïÑ,@74jeounga,Í∂ÅÍ∏àÌïúÍ≤å Ï∞∏ ÎßéÏïÑ
Chibliss,@chibliss14,"Afro-pop singer, song writer & graphic designer"
kritikakapoor.eth,@Kritikaaa_10,"Non-fungible Human | NFT and Web 3 Enthusiast |
@skydripnfts"
Henry Oguike,@hendaservices,Focus
Adekunle Sanusi,@AdekunleSanusi6,"Public Relations and Advertising Consultant, Content Creator, Web Developer and Digital Marketer."
Janna,@jhdctmbng,Crypto
noxzen,@InnocentNoxzen,Simple n free spirited
Future SD,@aakinfalola,Serial Entrepreneur.... FAO Luxury Wears.
ABBIJAs,@ABBIJA1,hustler
John Solomon,@iamJohn_S,Founder of Codenet | Front-end design | UX-UI design| Passionate about God
Alapap6,@alapap6,"eric lapap president de la fondation nevak , entrepreneur , producteur.....acteur culturel"
CHUKWUNAEDUMIJE Sapiosexual,@c_oforka,"GRAPHICS DESIGNER,UI/UX DESIGNER ."
Raggah Erastus,@raggahofficial,Fitness Athlete Learner Psychology Singer/Songwriter Health and Fitness Crusader Click on thislink to stream my EP #fitness #music
Mukhy,@mawaxyl,Software Engineer | Data Scientist | Data Analyst | NFTS
=N= ¬£ ¬• O,@humbleneyo,"GOD fearing,Fun to be with,Sales & marketing expert.. Certified Man.Utd fan.Mixologist et al"
ùï≤ùñäùñîùñóùñåùñä ùñÄùñáùñîùñìùñå,@nkereuby,ùïãùï£ùï¶ùïñ ùîæùïñùïûùïöùïüùïö
Ultimate simplicity,@sim_ulti,
Uncle Smart,@DanielSaturel,Less talk more work
MUHAMMAD BUKAR BULAMA,@AJAJARIMA1,//CRYPTO LOVER//ENTREPRENEUR//MECH ENGR// Born as Servant WHEN EVER YOU HEARD ABOUT MY DEATH PLEASE JUST SAY A PRAYERS FOR ME THANK YOU GUYS LOVE YOU ALL
Jeyno_pepe,@JeynoP,Talented
Hundred Lil nft,@HundredLil1,nft marker big dreams trying to make money
Amiin of the North √òT√î,@Alminooo,AVIATOR WRITER MINING REAL ESTATE Arising in those areas. insha Allah
Ultimate,@iam_sirestephen,Life of a warrior
Efosa Shedrach,@Po_li_cap_,"I don't really have the right words to say,how good I am or not but I urge you to come closer and see for yourself"
Theo St Patrick,@slimberryof,I‚Äôm prepared for the worst but I pray for better days.
PALM'S COllecTIONS,@Charles79763811,Love God more than anything
joemania,@joel20205295,follow me I promise to do the Same
On God!,@Solkihd1,"I'm still buildn my bio. Independent Real Estate Consultant with PWAN Group #Musicfreak #ilovelaughing
@manutd"
Amba micheal.Eth,@UncleNoNoE,https://opensea.io/assets/matic/0x2953399124f0cbb46d2cbacd8a89cf0599974963/15383974174806647899067685509785755859156141219359466162917678611031941759824/‚Ä¶ OSlink
Joao Rocha,@JoaoRoc50821542,MEU CANAL YOUTUBE https://youtube.com/channel/UC4Qj_0ga_27Hw-ex52NhHqA‚Ä¶
LONESURVIVOR,@Golddenpal,Wild animals are less wild and more human than many humans of this world
gulikes shola,@gulikes,A business plan writer
Metakiddo,@Elisha_pj,no bio....sorry
Ayobami Segun,@AyobamiSegun14,I‚Äôm just cool
@Dalz~frika¬Æ,@Dalz~frika¬Æ,"I'm a young guy, whose dream and aspiration is to be successful in life, and also make an osmotic movement towards people who are in need of help globally."
Sherif,@Fikmanx,"Am a structural designer, Graphics designer and crypto consultant..."
Dvibe brat or,@Wisdomzion1,Dvibe vibrator
Treasure Olubiyi,@Trechiarts,A self taught Artist...
Ben Iroka,@BenIrokzy,Gospel Rapper/singer‚Ä¢||‚Ä¢True worshipper‚Ä¢||‚Ä¢Civil Engineer‚Ä¢||‚Ä¢Drummer‚Ä¢lyricist‚Ä¢
¬•N$,@YNS2149,Respect your Elders
Alexxy,@alexxymic,"Architect, #fashion, #freelancemodel"
Fineboybaggio,@Olawale_Baggio,"success personified GGMU Graphic artist,Diligent printer."
